month,model_id,target
2024-02-01,fd3df53eb1e2495380b1ac07d774f5ff,31.2226962507262
2024-02-01,fd3df53eb1e2495380b1ac07d774f5ff,24.939692310408628
2024-02-01,fd3df53eb1e2495380b1ac07d774f5ff,31.300749558063828
2024-02-01,fd3df53eb1e2495380b1ac07d774f5ff,29.054725453763893
2024-02-01,fd3df53eb1e2495380b1ac07d774f5ff,28.241547784448873
2024-02-01,fd3df53eb1e2495380b1ac07d774f5ff,25.147030932261526
2024-02-01,fd3df53eb1e2495380b1ac07d774f5ff,22.71390482391402
2024-02-01,fd3df53eb1e2495380b1ac07d774f5ff,18.615421777873607
2024-02-01,fd3df53eb1e2495380b1ac07d774f5ff,9.869635961957854
2024-02-01,fd3df53eb1e2495380b1ac07d774f5ff,18.165424710385963
2024-02-01,fd3df53eb1e2495380b1ac07d774f5ff,18.161485521862666
2024-02-01,fd3df53eb1e2495380b1ac07d774f5ff,21.035995627489676
2024-02-01,fd3df53eb1e2495380b1ac07d774f5ff,20.87049588496446
2024-02-01,fd3df53eb1e2495380b1ac07d774f5ff,20.513041300993834
2024-02-01,fd3df53eb1e2495380b1ac07d774f5ff,19.80885342473926
2024-02-01,fd3df53eb1e2495380b1ac07d774f5ff,20.26985606010576
2024-02-01,fd3df53eb1e2495380b1ac07d774f5ff,22.039506272869122
2024-02-01,fd3df53eb1e2495380b1ac07d774f5ff,17.28179184124447
2024-02-01,fd3df53eb1e2495380b1ac07d774f5ff,16.84946732942444
2024-02-01,fd3df53eb1e2495380b1ac07d774f5ff,18.969200871864533
2024-02-01,fd3df53eb1e2495380b1ac07d774f5ff,12.154718096827096
2024-02-01,fd3df53eb1e2495380b1ac07d774f5ff,17.944704734385184
2024-02-01,fd3df53eb1e2495380b1ac07d774f5ff,15.981862997315252
2024-02-01,fd3df53eb1e2495380b1ac07d774f5ff,13.621580160518938
2024-02-01,fd3df53eb1e2495380b1ac07d774f5ff,15.7837713252455
2024-02-01,fd3df53eb1e2495380b1ac07d774f5ff,13.218186261761218
2024-02-01,fd3df53eb1e2495380b1ac07d774f5ff,15.598068210854796
2024-02-01,fd3df53eb1e2495380b1ac07d774f5ff,14.677032868539644
2024-02-01,fd3df53eb1e2495380b1ac07d774f5ff,20.0250654581515
2024-02-01,fd3df53eb1e2495380b1ac07d774f5ff,21.553486761998546
2024-02-01,fd3df53eb1e2495380b1ac07d774f5ff,11.130796016232201
2024-02-01,fd3df53eb1e2495380b1ac07d774f5ff,18.204659406736162
2024-02-01,fd3df53eb1e2495380b1ac07d774f5ff,8.235196649716517
2024-02-01,fd3df53eb1e2495380b1ac07d774f5ff,14.071128420967572
2024-02-01,fd3df53eb1e2495380b1ac07d774f5ff,13.264706373635839
2024-02-01,fd3df53eb1e2495380b1ac07d774f5ff,23.47886842881096
2024-02-01,fd3df53eb1e2495380b1ac07d774f5ff,21.95707404253966
2024-02-01,fd3df53eb1e2495380b1ac07d774f5ff,23.229964909653848
2024-02-01,fd3df53eb1e2495380b1ac07d774f5ff,23.210456276395387
2024-02-01,fd3df53eb1e2495380b1ac07d774f5ff,31.00437975691561
2024-02-01,fd3df53eb1e2495380b1ac07d774f5ff,34.243646806642815
2024-02-01,fd3df53eb1e2495380b1ac07d774f5ff,28.97010606169008
2024-02-01,fd3df53eb1e2495380b1ac07d774f5ff,25.77499067148094
2024-02-01,fd3df53eb1e2495380b1ac07d774f5ff,25.173149737393565
2024-02-01,fd3df53eb1e2495380b1ac07d774f5ff,22.801346556982576
2024-02-01,fd3df53eb1e2495380b1ac07d774f5ff,21.84796647869922
2024-02-01,fd3df53eb1e2495380b1ac07d774f5ff,20.084960845446957
2024-02-01,fd3df53eb1e2495380b1ac07d774f5ff,16.80499067494967
2024-02-01,fd3df53eb1e2495380b1ac07d774f5ff,7.001116472429086
2024-02-01,fd3df53eb1e2495380b1ac07d774f5ff,16.286226453408098
2024-02-01,fd3df53eb1e2495380b1ac07d774f5ff,20.2856631772165
2024-02-01,fd3df53eb1e2495380b1ac07d774f5ff,22.90839424665277
2024-02-01,fd3df53eb1e2495380b1ac07d774f5ff,27.618290384055825
2024-02-01,fd3df53eb1e2495380b1ac07d774f5ff,23.65380902540044
2024-02-01,fd3df53eb1e2495380b1ac07d774f5ff,17.26315923460406
2024-02-01,fd3df53eb1e2495380b1ac07d774f5ff,29.86102378236485
2024-02-01,fd3df53eb1e2495380b1ac07d774f5ff,25.152372924268853
2024-02-01,fd3df53eb1e2495380b1ac07d774f5ff,31.36107450900057
2024-02-01,fd3df53eb1e2495380b1ac07d774f5ff,21.060098190500995
2024-02-01,fd3df53eb1e2495380b1ac07d774f5ff,19.865064793909
2024-02-01,fd3df53eb1e2495380b1ac07d774f5ff,16.1215210699943
2024-02-01,fd3df53eb1e2495380b1ac07d774f5ff,16.30648601792227
2024-02-01,fd3df53eb1e2495380b1ac07d774f5ff,22.781590493464837
2024-02-01,fd3df53eb1e2495380b1ac07d774f5ff,21.815294469922236
2024-02-01,fd3df53eb1e2495380b1ac07d774f5ff,23.032683820400965
2024-02-01,fd3df53eb1e2495380b1ac07d774f5ff,30.456501293820153
2024-02-01,fd3df53eb1e2495380b1ac07d774f5ff,24.97156118849525
2024-02-01,fd3df53eb1e2495380b1ac07d774f5ff,22.31427180921311
2024-02-01,fd3df53eb1e2495380b1ac07d774f5ff,18.059315663324956
2024-02-01,fd3df53eb1e2495380b1ac07d774f5ff,21.77741893345192
2024-02-01,fd3df53eb1e2495380b1ac07d774f5ff,26.508812174445094
2024-02-01,fd3df53eb1e2495380b1ac07d774f5ff,22.5273920299396
2024-02-01,fd3df53eb1e2495380b1ac07d774f5ff,25.747888620630548
2024-02-01,fd3df53eb1e2495380b1ac07d774f5ff,25.230045364458178
2024-02-01,fd3df53eb1e2495380b1ac07d774f5ff,27.825141056566196
2024-02-01,fd3df53eb1e2495380b1ac07d774f5ff,25.557131165665503
2024-02-01,fd3df53eb1e2495380b1ac07d774f5ff,23.892349366348135
2024-02-01,fd3df53eb1e2495380b1ac07d774f5ff,24.809119515458544
2024-02-01,fd3df53eb1e2495380b1ac07d774f5ff,22.592106981904724
2024-02-01,fd3df53eb1e2495380b1ac07d774f5ff,23.995608408543244
2024-02-01,fd3df53eb1e2495380b1ac07d774f5ff,28.836125614903576
2024-02-01,fd3df53eb1e2495380b1ac07d774f5ff,26.69991705247822
2024-02-01,fd3df53eb1e2495380b1ac07d774f5ff,26.238645222769865
2024-02-01,fd3df53eb1e2495380b1ac07d774f5ff,24.916510303380345
2024-02-01,fd3df53eb1e2495380b1ac07d774f5ff,24.90611303102068
2024-02-01,fd3df53eb1e2495380b1ac07d774f5ff,27.97671608469529
2024-02-01,fd3df53eb1e2495380b1ac07d774f5ff,22.026374295240792
2024-02-01,fd3df53eb1e2495380b1ac07d774f5ff,25.73886081502692
2024-02-01,fd3df53eb1e2495380b1ac07d774f5ff,31.308398440494244
2024-02-01,fd3df53eb1e2495380b1ac07d774f5ff,31.865524395823243
2024-02-01,fd3df53eb1e2495380b1ac07d774f5ff,27.65880301722754
2024-02-01,fd3df53eb1e2495380b1ac07d774f5ff,27.84629551300423
2024-02-01,fd3df53eb1e2495380b1ac07d774f5ff,28.59245056796497
2024-02-01,fd3df53eb1e2495380b1ac07d774f5ff,29.10366820805449
2024-02-01,fd3df53eb1e2495380b1ac07d774f5ff,26.129469057723373
2024-02-01,fd3df53eb1e2495380b1ac07d774f5ff,29.295218503604914
2024-02-01,fd3df53eb1e2495380b1ac07d774f5ff,24.915368269072268
2024-02-01,fd3df53eb1e2495380b1ac07d774f5ff,37.02105546518753
2024-02-01,fd3df53eb1e2495380b1ac07d774f5ff,36.88947657959959
2024-02-01,fd3df53eb1e2495380b1ac07d774f5ff,33.3356898438306
2024-02-01,fd3df53eb1e2495380b1ac07d774f5ff,26.161287033928424
2024-02-01,fd3df53eb1e2495380b1ac07d774f5ff,27.41030294516007
2024-02-01,fd3df53eb1e2495380b1ac07d774f5ff,20.171213084436577
2024-02-01,fd3df53eb1e2495380b1ac07d774f5ff,21.34733776976975
2024-02-01,fd3df53eb1e2495380b1ac07d774f5ff,22.463528057268803
2024-02-01,fd3df53eb1e2495380b1ac07d774f5ff,19.150164267834285
2024-02-01,fd3df53eb1e2495380b1ac07d774f5ff,17.797874293892207
2024-02-01,fd3df53eb1e2495380b1ac07d774f5ff,21.745745790034604
2024-02-01,fd3df53eb1e2495380b1ac07d774f5ff,23.71261006203128
2024-02-01,fd3df53eb1e2495380b1ac07d774f5ff,20.693791393059623
2024-02-01,fd3df53eb1e2495380b1ac07d774f5ff,22.26433704366181
2024-02-01,fd3df53eb1e2495380b1ac07d774f5ff,28.249365469594313
2024-02-01,fd3df53eb1e2495380b1ac07d774f5ff,21.703207525249272
2024-02-01,fd3df53eb1e2495380b1ac07d774f5ff,21.670363492330345
2024-02-01,fd3df53eb1e2495380b1ac07d774f5ff,26.591939544512805
2024-02-01,fd3df53eb1e2495380b1ac07d774f5ff,21.324539841446878
2024-02-01,fd3df53eb1e2495380b1ac07d774f5ff,24.92749787818464
2024-02-01,fd3df53eb1e2495380b1ac07d774f5ff,25.07373683091284
2024-02-01,fd3df53eb1e2495380b1ac07d774f5ff,21.44691648562643
2024-02-01,fd3df53eb1e2495380b1ac07d774f5ff,22.194342557763306
2024-02-01,fd3df53eb1e2495380b1ac07d774f5ff,21.22156515014861
2024-02-01,fd3df53eb1e2495380b1ac07d774f5ff,21.57212232803849
2024-02-01,fd3df53eb1e2495380b1ac07d774f5ff,19.356340991574456
2024-02-01,fd3df53eb1e2495380b1ac07d774f5ff,14.74593098907953
2024-02-01,fd3df53eb1e2495380b1ac07d774f5ff,19.2879216013842
2024-02-01,fd3df53eb1e2495380b1ac07d774f5ff,21.497074516512615
2024-02-01,fd3df53eb1e2495380b1ac07d774f5ff,12.801955571439564
2024-02-01,fd3df53eb1e2495380b1ac07d774f5ff,17.237192259976013
2024-02-01,fd3df53eb1e2495380b1ac07d774f5ff,21.37338655305515
2024-02-01,fd3df53eb1e2495380b1ac07d774f5ff,16.097057818642515
2024-02-01,fd3df53eb1e2495380b1ac07d774f5ff,22.593071492295117
2024-02-01,fd3df53eb1e2495380b1ac07d774f5ff,21.962074051768724
2024-02-01,fd3df53eb1e2495380b1ac07d774f5ff,22.637660790172802
2024-02-01,fd3df53eb1e2495380b1ac07d774f5ff,17.98832488490407
2024-02-01,fd3df53eb1e2495380b1ac07d774f5ff,14.969940168947751
2024-02-01,fd3df53eb1e2495380b1ac07d774f5ff,19.61533244582981
2024-02-01,fd3df53eb1e2495380b1ac07d774f5ff,18.07279403692588
2024-02-01,fd3df53eb1e2495380b1ac07d774f5ff,21.83712148013462
2024-02-01,fd3df53eb1e2495380b1ac07d774f5ff,15.754341951536876
2024-02-01,fd3df53eb1e2495380b1ac07d774f5ff,18.6517232577624
2024-02-01,fd3df53eb1e2495380b1ac07d774f5ff,15.613393496328559
2024-02-01,fd3df53eb1e2495380b1ac07d774f5ff,5.049107479290509
2024-02-01,fd3df53eb1e2495380b1ac07d774f5ff,13.199943947520175
2024-02-01,fd3df53eb1e2495380b1ac07d774f5ff,13.49898925912376
2024-02-01,fd3df53eb1e2495380b1ac07d774f5ff,9.728642266731544
2024-02-01,fd3df53eb1e2495380b1ac07d774f5ff,12.985991573396278
2024-02-01,fd3df53eb1e2495380b1ac07d774f5ff,16.943726659515136
2024-02-01,fd3df53eb1e2495380b1ac07d774f5ff,9.536898817463289
2024-02-01,fd3df53eb1e2495380b1ac07d774f5ff,10.840350386086662
2024-02-01,fd3df53eb1e2495380b1ac07d774f5ff,16.342125917615704
2024-02-01,fd3df53eb1e2495380b1ac07d774f5ff,22.900952560701285
2024-02-01,fd3df53eb1e2495380b1ac07d774f5ff,19.927810424310866
2024-02-01,fd3df53eb1e2495380b1ac07d774f5ff,19.121698848850066
2024-02-01,fd3df53eb1e2495380b1ac07d774f5ff,18.76922471782028
2024-02-01,fd3df53eb1e2495380b1ac07d774f5ff,21.585060448708447
2024-02-01,fd3df53eb1e2495380b1ac07d774f5ff,18.92265209562844
2024-02-01,fd3df53eb1e2495380b1ac07d774f5ff,14.48265661994698
2024-02-01,fd3df53eb1e2495380b1ac07d774f5ff,34.762472821870915
2024-02-01,fd3df53eb1e2495380b1ac07d774f5ff,29.987589341334616
2024-02-01,fd3df53eb1e2495380b1ac07d774f5ff,27.99280418146959
2024-02-01,fd3df53eb1e2495380b1ac07d774f5ff,31.177276272714803
2024-02-01,fd3df53eb1e2495380b1ac07d774f5ff,38.78030267679348
2024-02-01,fd3df53eb1e2495380b1ac07d774f5ff,39.943878604769196
2024-02-01,fd3df53eb1e2495380b1ac07d774f5ff,41.51400168610826
2024-02-01,fd3df53eb1e2495380b1ac07d774f5ff,25.74756757424959
2024-02-01,fd3df53eb1e2495380b1ac07d774f5ff,26.063750443775476
2024-02-01,fd3df53eb1e2495380b1ac07d774f5ff,39.24663135978484
2024-02-01,fd3df53eb1e2495380b1ac07d774f5ff,23.764957838971576
2024-02-01,fd3df53eb1e2495380b1ac07d774f5ff,27.234515647686734
2024-02-01,fd3df53eb1e2495380b1ac07d774f5ff,27.63280027403321
2024-02-01,fd3df53eb1e2495380b1ac07d774f5ff,23.07180935633533
2024-02-01,fd3df53eb1e2495380b1ac07d774f5ff,25.02431393298727
2024-02-01,fd3df53eb1e2495380b1ac07d774f5ff,21.97317344875956
2024-02-01,fd3df53eb1e2495380b1ac07d774f5ff,28.735546027323497
2024-02-01,fd3df53eb1e2495380b1ac07d774f5ff,26.15363414804773
2024-02-01,fd3df53eb1e2495380b1ac07d774f5ff,31.422292680734056
2024-02-01,fd3df53eb1e2495380b1ac07d774f5ff,25.694411407787776
2024-02-01,fd3df53eb1e2495380b1ac07d774f5ff,29.061297166725222
2024-02-01,fd3df53eb1e2495380b1ac07d774f5ff,31.54025200675885
2024-02-01,fd3df53eb1e2495380b1ac07d774f5ff,32.57488400117756
2024-02-01,fd3df53eb1e2495380b1ac07d774f5ff,34.2321272577594
2024-02-01,fd3df53eb1e2495380b1ac07d774f5ff,26.797626476965895
2024-02-01,fd3df53eb1e2495380b1ac07d774f5ff,33.06558539089904
2024-02-01,fd3df53eb1e2495380b1ac07d774f5ff,29.825109053614188
2024-02-01,fd3df53eb1e2495380b1ac07d774f5ff,20.886410693120002
2024-02-01,fd3df53eb1e2495380b1ac07d774f5ff,23.56223170597983
2024-02-01,fd3df53eb1e2495380b1ac07d774f5ff,36.03437423562789
2024-02-01,fd3df53eb1e2495380b1ac07d774f5ff,34.368605109251604
2024-02-01,fd3df53eb1e2495380b1ac07d774f5ff,33.530953538646806
2024-02-01,fd3df53eb1e2495380b1ac07d774f5ff,35.77266809933623
2024-02-01,fd3df53eb1e2495380b1ac07d774f5ff,32.23922401595742
2024-02-01,fd3df53eb1e2495380b1ac07d774f5ff,31.567376482346596
2024-02-01,fd3df53eb1e2495380b1ac07d774f5ff,34.54234108303163
2024-02-01,fd3df53eb1e2495380b1ac07d774f5ff,32.69483362916515
2024-02-01,fd3df53eb1e2495380b1ac07d774f5ff,31.882664301752545
2024-02-01,fd3df53eb1e2495380b1ac07d774f5ff,40.23084929641438
2024-02-01,fd3df53eb1e2495380b1ac07d774f5ff,36.66153122607278
2024-02-01,fd3df53eb1e2495380b1ac07d774f5ff,32.791624823083716
2024-02-01,fd3df53eb1e2495380b1ac07d774f5ff,35.05690468678414
2024-02-01,fd3df53eb1e2495380b1ac07d774f5ff,31.716805855149108
2024-02-01,fd3df53eb1e2495380b1ac07d774f5ff,32.33204305027874
2024-02-01,fd3df53eb1e2495380b1ac07d774f5ff,29.540584509997004
2024-02-01,fd3df53eb1e2495380b1ac07d774f5ff,38.52526439904096
2024-02-01,fd3df53eb1e2495380b1ac07d774f5ff,40.643829442528215
2024-02-01,fd3df53eb1e2495380b1ac07d774f5ff,41.93380910174669
2024-02-01,fd3df53eb1e2495380b1ac07d774f5ff,23.225155787249186
2024-02-01,fd3df53eb1e2495380b1ac07d774f5ff,23.937035897872004
2024-02-01,fd3df53eb1e2495380b1ac07d774f5ff,17.252486463825655
2024-02-01,fd3df53eb1e2495380b1ac07d774f5ff,20.652385212223614
2024-02-01,fd3df53eb1e2495380b1ac07d774f5ff,12.885747385955002
2024-02-01,fd3df53eb1e2495380b1ac07d774f5ff,18.886446876752977
2024-02-01,fd3df53eb1e2495380b1ac07d774f5ff,13.105413766084506
2024-02-01,fd3df53eb1e2495380b1ac07d774f5ff,19.815314994961643
2024-02-01,fd3df53eb1e2495380b1ac07d774f5ff,25.83813247590956
2024-02-01,fd3df53eb1e2495380b1ac07d774f5ff,10.79567726602913
2024-02-01,fd3df53eb1e2495380b1ac07d774f5ff,24.895410992420008
2024-02-01,fd3df53eb1e2495380b1ac07d774f5ff,23.500231364490908
2024-02-01,fd3df53eb1e2495380b1ac07d774f5ff,27.968149420767094
2024-02-01,fd3df53eb1e2495380b1ac07d774f5ff,21.06480564796224
2024-02-01,fd3df53eb1e2495380b1ac07d774f5ff,26.340692972977997
2024-02-01,fd3df53eb1e2495380b1ac07d774f5ff,29.610700107754017
2024-02-01,fd3df53eb1e2495380b1ac07d774f5ff,19.377743811099375
2024-02-01,fd3df53eb1e2495380b1ac07d774f5ff,28.72009521916161
2024-02-01,fd3df53eb1e2495380b1ac07d774f5ff,28.94597136169146
2024-02-01,fd3df53eb1e2495380b1ac07d774f5ff,38.42968360054472
2024-02-01,fd3df53eb1e2495380b1ac07d774f5ff,39.98397057370485
2024-02-01,fd3df53eb1e2495380b1ac07d774f5ff,37.46682690001455
2024-02-01,fd3df53eb1e2495380b1ac07d774f5ff,31.821592215976075
2024-02-01,fd3df53eb1e2495380b1ac07d774f5ff,36.25494294337831
2024-02-01,fd3df53eb1e2495380b1ac07d774f5ff,31.45433895303153
2024-02-01,fd3df53eb1e2495380b1ac07d774f5ff,23.399076337186642
2024-02-01,fd3df53eb1e2495380b1ac07d774f5ff,32.948170349550544
2024-02-01,fd3df53eb1e2495380b1ac07d774f5ff,38.346252267058674
2024-02-01,fd3df53eb1e2495380b1ac07d774f5ff,37.38115100073716
2024-02-01,fd3df53eb1e2495380b1ac07d774f5ff,28.404919654113627
2024-02-01,fd3df53eb1e2495380b1ac07d774f5ff,24.372229575305987
2024-02-01,fd3df53eb1e2495380b1ac07d774f5ff,26.633260217764278
2024-02-01,fd3df53eb1e2495380b1ac07d774f5ff,32.536642001906515
2024-02-01,fd3df53eb1e2495380b1ac07d774f5ff,28.294764552396746
2024-02-01,fd3df53eb1e2495380b1ac07d774f5ff,27.943893702393996
2024-02-01,fd3df53eb1e2495380b1ac07d774f5ff,26.625080765124764
2024-02-01,fd3df53eb1e2495380b1ac07d774f5ff,22.500590349581778
2024-02-01,fd3df53eb1e2495380b1ac07d774f5ff,23.211908367768114
2024-02-01,fd3df53eb1e2495380b1ac07d774f5ff,27.473031207280012
2024-02-01,fd3df53eb1e2495380b1ac07d774f5ff,15.183827470589378
2024-02-01,fd3df53eb1e2495380b1ac07d774f5ff,12.188621606452188
2024-02-01,fd3df53eb1e2495380b1ac07d774f5ff,19.965743404717593
2024-02-01,fd3df53eb1e2495380b1ac07d774f5ff,19.066381509622353
2024-02-01,fd3df53eb1e2495380b1ac07d774f5ff,21.08637360055146
2024-02-01,fd3df53eb1e2495380b1ac07d774f5ff,24.687133953056343
2024-02-01,fd3df53eb1e2495380b1ac07d774f5ff,24.791537805073006
2024-02-01,fd3df53eb1e2495380b1ac07d774f5ff,25.70360352462307
2024-02-01,fd3df53eb1e2495380b1ac07d774f5ff,25.950232482584617
2024-02-01,fd3df53eb1e2495380b1ac07d774f5ff,31.583369989972702
2024-02-01,fd3df53eb1e2495380b1ac07d774f5ff,24.394145818581222
2024-02-01,fd3df53eb1e2495380b1ac07d774f5ff,22.128012900236296
2024-02-01,fd3df53eb1e2495380b1ac07d774f5ff,36.66628925690485
2024-02-01,fd3df53eb1e2495380b1ac07d774f5ff,43.601446821357335
2024-02-01,fd3df53eb1e2495380b1ac07d774f5ff,35.82628143025919
2024-02-01,fd3df53eb1e2495380b1ac07d774f5ff,34.169110273916864
2024-02-01,fd3df53eb1e2495380b1ac07d774f5ff,34.36002123798096
2024-02-01,fd3df53eb1e2495380b1ac07d774f5ff,36.811343426187236
2024-02-01,fd3df53eb1e2495380b1ac07d774f5ff,41.05677258734731
2024-02-01,fd3df53eb1e2495380b1ac07d774f5ff,33.78693265333589
2024-02-01,fd3df53eb1e2495380b1ac07d774f5ff,35.25667914542108
2024-02-01,fd3df53eb1e2495380b1ac07d774f5ff,27.310400605846155
2024-02-01,fd3df53eb1e2495380b1ac07d774f5ff,30.429010528877377
2024-02-01,fd3df53eb1e2495380b1ac07d774f5ff,40.859825920976974
2024-02-01,fd3df53eb1e2495380b1ac07d774f5ff,39.38679308071066
2024-02-01,fd3df53eb1e2495380b1ac07d774f5ff,21.92052634116338
2024-02-01,fd3df53eb1e2495380b1ac07d774f5ff,21.531040112249926
2024-02-01,fd3df53eb1e2495380b1ac07d774f5ff,27.286990300469125
2024-02-01,fd3df53eb1e2495380b1ac07d774f5ff,27.970403097264537
2024-02-01,fd3df53eb1e2495380b1ac07d774f5ff,32.94473744427288
2024-02-01,fd3df53eb1e2495380b1ac07d774f5ff,33.21605694389089
2024-02-01,fd3df53eb1e2495380b1ac07d774f5ff,33.50575147222623
2024-02-01,fd3df53eb1e2495380b1ac07d774f5ff,32.61143182326964
2024-02-01,fd3df53eb1e2495380b1ac07d774f5ff,32.07053990536227
2024-02-01,fd3df53eb1e2495380b1ac07d774f5ff,29.902076317046436
2024-02-01,fd3df53eb1e2495380b1ac07d774f5ff,34.28496614324153
2024-02-01,fd3df53eb1e2495380b1ac07d774f5ff,37.749654121711544
2024-02-01,fd3df53eb1e2495380b1ac07d774f5ff,33.344086105813126
2024-02-01,fd3df53eb1e2495380b1ac07d774f5ff,36.78837625106047
2024-02-01,fd3df53eb1e2495380b1ac07d774f5ff,41.28288939895113
2024-02-01,fd3df53eb1e2495380b1ac07d774f5ff,31.86743702137869
2024-02-01,fd3df53eb1e2495380b1ac07d774f5ff,27.85227962251144
2024-02-01,fd3df53eb1e2495380b1ac07d774f5ff,19.286681767759667
2024-02-01,fd3df53eb1e2495380b1ac07d774f5ff,26.0851858524861
2024-02-01,fd3df53eb1e2495380b1ac07d774f5ff,26.05587661760982
2024-02-01,fd3df53eb1e2495380b1ac07d774f5ff,26.098949084514278
2024-02-01,fd3df53eb1e2495380b1ac07d774f5ff,32.649010607945335
2024-02-01,fd3df53eb1e2495380b1ac07d774f5ff,33.74430466725819
2024-02-01,fd3df53eb1e2495380b1ac07d774f5ff,30.96300249642351
2024-02-01,fd3df53eb1e2495380b1ac07d774f5ff,26.34345144319929
2024-02-01,fd3df53eb1e2495380b1ac07d774f5ff,24.444751833719582
2024-02-01,fd3df53eb1e2495380b1ac07d774f5ff,29.137448764324173
2024-02-01,fd3df53eb1e2495380b1ac07d774f5ff,27.605355158739776
2024-02-01,fd3df53eb1e2495380b1ac07d774f5ff,19.035169295054736
2024-02-01,fd3df53eb1e2495380b1ac07d774f5ff,29.198438966145854
2024-02-01,fd3df53eb1e2495380b1ac07d774f5ff,32.49858360225133
2024-02-01,fd3df53eb1e2495380b1ac07d774f5ff,30.677731385740934
2024-02-01,fd3df53eb1e2495380b1ac07d774f5ff,28.420552030064776
2024-02-01,fd3df53eb1e2495380b1ac07d774f5ff,28.671164540069057
2024-02-01,fd3df53eb1e2495380b1ac07d774f5ff,32.98404532404847
2024-02-01,fd3df53eb1e2495380b1ac07d774f5ff,31.895466026623215
2024-02-01,fd3df53eb1e2495380b1ac07d774f5ff,28.78747001553677
2024-02-01,fd3df53eb1e2495380b1ac07d774f5ff,33.81568839826165
2024-02-01,fd3df53eb1e2495380b1ac07d774f5ff,30.689949556658963
2024-02-01,fd3df53eb1e2495380b1ac07d774f5ff,29.381220650000476
2024-02-01,fd3df53eb1e2495380b1ac07d774f5ff,23.903139338714688
2024-02-01,fd3df53eb1e2495380b1ac07d774f5ff,18.802333374979206
2024-02-01,fd3df53eb1e2495380b1ac07d774f5ff,27.78395450586025
2024-02-01,fd3df53eb1e2495380b1ac07d774f5ff,23.317228895422733
2024-02-01,fd3df53eb1e2495380b1ac07d774f5ff,25.9703101040376
2024-02-01,fd3df53eb1e2495380b1ac07d774f5ff,25.94345043422117
2024-02-01,fd3df53eb1e2495380b1ac07d774f5ff,20.695110869864916
2024-02-01,fd3df53eb1e2495380b1ac07d774f5ff,17.512914722438467
2024-02-01,fd3df53eb1e2495380b1ac07d774f5ff,18.505979946863683
2024-02-01,fd3df53eb1e2495380b1ac07d774f5ff,24.950815688484
2024-02-01,fd3df53eb1e2495380b1ac07d774f5ff,21.936131531779175
2024-02-01,fd3df53eb1e2495380b1ac07d774f5ff,25.305640740848425
2024-02-01,fd3df53eb1e2495380b1ac07d774f5ff,25.244993472385122
2024-02-01,fd3df53eb1e2495380b1ac07d774f5ff,23.142272356019276
2024-02-01,fd3df53eb1e2495380b1ac07d774f5ff,19.00692151352665
2024-02-01,fd3df53eb1e2495380b1ac07d774f5ff,25.780621950001834
2024-02-01,fd3df53eb1e2495380b1ac07d774f5ff,25.81117361835004
2024-02-01,fd3df53eb1e2495380b1ac07d774f5ff,24.509029390940917
2024-02-01,fd3df53eb1e2495380b1ac07d774f5ff,19.576439004674754
2024-02-01,fd3df53eb1e2495380b1ac07d774f5ff,23.602490115688852
2024-02-01,fd3df53eb1e2495380b1ac07d774f5ff,27.111750209671655
2024-02-01,fd3df53eb1e2495380b1ac07d774f5ff,24.067432595172725
2024-02-01,fd3df53eb1e2495380b1ac07d774f5ff,20.753976308890675
2024-02-01,fd3df53eb1e2495380b1ac07d774f5ff,24.42122436640336
2024-02-01,fd3df53eb1e2495380b1ac07d774f5ff,22.128822853683527
2024-02-01,fd3df53eb1e2495380b1ac07d774f5ff,21.49342107427067
2024-02-01,fd3df53eb1e2495380b1ac07d774f5ff,20.44917360255932
2024-02-01,fd3df53eb1e2495380b1ac07d774f5ff,19.6207932589053
2024-02-01,fd3df53eb1e2495380b1ac07d774f5ff,18.52391548404156
2024-02-01,fd3df53eb1e2495380b1ac07d774f5ff,21.886682308649668
2024-02-01,fd3df53eb1e2495380b1ac07d774f5ff,20.76061774815415
2024-02-01,fd3df53eb1e2495380b1ac07d774f5ff,20.736017367108975
2024-02-01,fd3df53eb1e2495380b1ac07d774f5ff,31.349658388624878
2024-02-01,fd3df53eb1e2495380b1ac07d774f5ff,25.3379752354393
2024-02-01,fd3df53eb1e2495380b1ac07d774f5ff,28.33940000232478
2024-02-01,fd3df53eb1e2495380b1ac07d774f5ff,29.827311536367098
2024-02-01,fd3df53eb1e2495380b1ac07d774f5ff,18.071657385666896
2024-02-01,fd3df53eb1e2495380b1ac07d774f5ff,16.0567645322006
2024-02-01,fd3df53eb1e2495380b1ac07d774f5ff,25.768560900164342
2024-02-01,fd3df53eb1e2495380b1ac07d774f5ff,27.066589492947088
2024-02-01,fd3df53eb1e2495380b1ac07d774f5ff,24.324836928759
2024-02-01,fd3df53eb1e2495380b1ac07d774f5ff,22.285024058604666
2024-02-01,fd3df53eb1e2495380b1ac07d774f5ff,22.220144182075362
2024-02-01,fd3df53eb1e2495380b1ac07d774f5ff,18.493692998001002
2024-02-01,fd3df53eb1e2495380b1ac07d774f5ff,23.162233194282372
2024-02-01,fd3df53eb1e2495380b1ac07d774f5ff,14.689414387304573
2024-02-01,fd3df53eb1e2495380b1ac07d774f5ff,17.19760917049009
2024-02-01,fd3df53eb1e2495380b1ac07d774f5ff,17.064184532968866
2024-02-01,fd3df53eb1e2495380b1ac07d774f5ff,20.48684528148496
2024-02-01,fd3df53eb1e2495380b1ac07d774f5ff,20.07575561962731
2024-02-01,fd3df53eb1e2495380b1ac07d774f5ff,19.71432545338634
2024-02-01,fd3df53eb1e2495380b1ac07d774f5ff,23.336289380391428
2024-02-01,fd3df53eb1e2495380b1ac07d774f5ff,19.160621335600162
2024-02-01,fd3df53eb1e2495380b1ac07d774f5ff,18.18712371358689
2024-02-01,fd3df53eb1e2495380b1ac07d774f5ff,17.578136959471497
2024-02-01,fd3df53eb1e2495380b1ac07d774f5ff,36.404119528223404
2024-02-01,fd3df53eb1e2495380b1ac07d774f5ff,13.326453902058777
2024-02-01,fd3df53eb1e2495380b1ac07d774f5ff,14.808064110616765
2024-02-01,fd3df53eb1e2495380b1ac07d774f5ff,8.64837802699601
2024-02-01,fd3df53eb1e2495380b1ac07d774f5ff,23.07515029315389
2024-02-01,fd3df53eb1e2495380b1ac07d774f5ff,30.06525992173084
2024-02-01,fd3df53eb1e2495380b1ac07d774f5ff,32.24923320495904
2024-02-01,fd3df53eb1e2495380b1ac07d774f5ff,24.578781648340154
2024-02-01,fd3df53eb1e2495380b1ac07d774f5ff,23.09591989168446
2024-02-01,fd3df53eb1e2495380b1ac07d774f5ff,4.5116078281008605
2024-02-01,fd3df53eb1e2495380b1ac07d774f5ff,-1.219700792291885
2024-02-01,fd3df53eb1e2495380b1ac07d774f5ff,25.74931184420642
2024-02-01,fd3df53eb1e2495380b1ac07d774f5ff,17.4418597411454
2024-02-01,fd3df53eb1e2495380b1ac07d774f5ff,20.014332284170983
2024-02-01,fd3df53eb1e2495380b1ac07d774f5ff,15.547362651447235
2024-02-01,fd3df53eb1e2495380b1ac07d774f5ff,16.40562540342586
2024-02-01,fd3df53eb1e2495380b1ac07d774f5ff,15.469541878228073
2024-02-01,fd3df53eb1e2495380b1ac07d774f5ff,18.226711007496924
2024-02-01,fd3df53eb1e2495380b1ac07d774f5ff,12.663936646133912
2024-02-01,fd3df53eb1e2495380b1ac07d774f5ff,12.23826570781694
2024-02-01,fd3df53eb1e2495380b1ac07d774f5ff,1.6745213119064708
2024-02-01,fd3df53eb1e2495380b1ac07d774f5ff,7.028116713996532
2024-02-01,fd3df53eb1e2495380b1ac07d774f5ff,4.9663874110242965
2024-02-01,fd3df53eb1e2495380b1ac07d774f5ff,4.63079049863671
2024-02-01,fd3df53eb1e2495380b1ac07d774f5ff,5.122500977738213
2024-02-01,fd3df53eb1e2495380b1ac07d774f5ff,13.490407060690323
2024-02-01,fd3df53eb1e2495380b1ac07d774f5ff,16.800570024865266
2024-02-01,fd3df53eb1e2495380b1ac07d774f5ff,17.16308626542477
2024-02-01,fd3df53eb1e2495380b1ac07d774f5ff,8.907291430157237
2024-02-01,fd3df53eb1e2495380b1ac07d774f5ff,20.16199373382205
2024-02-01,fd3df53eb1e2495380b1ac07d774f5ff,17.721428005798053
2024-02-01,fd3df53eb1e2495380b1ac07d774f5ff,20.184108386758304
2024-02-01,fd3df53eb1e2495380b1ac07d774f5ff,19.083844788343562
2024-02-01,fd3df53eb1e2495380b1ac07d774f5ff,15.76346585036714
2024-02-01,fd3df53eb1e2495380b1ac07d774f5ff,5.812336183150265
2024-02-01,fd3df53eb1e2495380b1ac07d774f5ff,10.20355281443458
2024-02-01,fd3df53eb1e2495380b1ac07d774f5ff,11.370238482826192
2024-02-01,fd3df53eb1e2495380b1ac07d774f5ff,17.56934973564493
2024-02-01,fd3df53eb1e2495380b1ac07d774f5ff,17.93448801767893
2024-02-01,fd3df53eb1e2495380b1ac07d774f5ff,12.500822255912635
2024-02-01,fd3df53eb1e2495380b1ac07d774f5ff,6.8851370603371045
2024-02-01,fd3df53eb1e2495380b1ac07d774f5ff,8.186357273950264
2024-02-01,fd3df53eb1e2495380b1ac07d774f5ff,6.520811142820062
2024-02-01,fd3df53eb1e2495380b1ac07d774f5ff,19.318353789259824
2024-02-01,fd3df53eb1e2495380b1ac07d774f5ff,12.16047468319822
2024-02-01,fd3df53eb1e2495380b1ac07d774f5ff,18.78965834554934
2024-02-01,fd3df53eb1e2495380b1ac07d774f5ff,13.963102402359178
2024-02-01,fd3df53eb1e2495380b1ac07d774f5ff,15.344925716214652
2024-02-01,fd3df53eb1e2495380b1ac07d774f5ff,-1.2758091670909728
2024-02-01,fd3df53eb1e2495380b1ac07d774f5ff,10.220291127164309
2024-02-01,fd3df53eb1e2495380b1ac07d774f5ff,-6.460417703290297
2024-02-01,fd3df53eb1e2495380b1ac07d774f5ff,8.008388776941619
2024-02-01,fd3df53eb1e2495380b1ac07d774f5ff,12.115842784906452
2024-02-01,fd3df53eb1e2495380b1ac07d774f5ff,5.4374220262361845
2024-02-01,fd3df53eb1e2495380b1ac07d774f5ff,5.3147945345706695
2024-02-01,fd3df53eb1e2495380b1ac07d774f5ff,13.993514219308405
2024-02-01,fd3df53eb1e2495380b1ac07d774f5ff,19.45776223324772
2024-02-01,fd3df53eb1e2495380b1ac07d774f5ff,17.801081053923262
2024-02-01,fd3df53eb1e2495380b1ac07d774f5ff,17.707503815091208
2024-02-01,fd3df53eb1e2495380b1ac07d774f5ff,11.396254332150786
2024-02-01,fd3df53eb1e2495380b1ac07d774f5ff,12.945737660864332
2024-02-01,fd3df53eb1e2495380b1ac07d774f5ff,8.268705773030433
2024-02-01,fd3df53eb1e2495380b1ac07d774f5ff,15.121305944071938
2024-02-01,fd3df53eb1e2495380b1ac07d774f5ff,13.495504012496928
2024-02-01,fd3df53eb1e2495380b1ac07d774f5ff,13.275396012669216
2024-02-01,fd3df53eb1e2495380b1ac07d774f5ff,11.690736690757952
2024-02-01,fd3df53eb1e2495380b1ac07d774f5ff,16.79090493383321
2024-02-01,fd3df53eb1e2495380b1ac07d774f5ff,17.35586659268261
2024-02-01,fd3df53eb1e2495380b1ac07d774f5ff,20.608150193174005
2024-02-01,fd3df53eb1e2495380b1ac07d774f5ff,16.365157767810924
2024-02-01,fd3df53eb1e2495380b1ac07d774f5ff,15.212355470046553
2024-02-01,fd3df53eb1e2495380b1ac07d774f5ff,12.62998945342909
2024-02-01,fd3df53eb1e2495380b1ac07d774f5ff,13.727971103505325
2024-02-01,fd3df53eb1e2495380b1ac07d774f5ff,7.418755760330107
2024-02-01,fd3df53eb1e2495380b1ac07d774f5ff,3.42927527784731
2024-02-01,fd3df53eb1e2495380b1ac07d774f5ff,12.674149071972899
2024-02-01,fd3df53eb1e2495380b1ac07d774f5ff,12.597799540677102
2024-02-01,fd3df53eb1e2495380b1ac07d774f5ff,17.31772724085443
2024-02-01,fd3df53eb1e2495380b1ac07d774f5ff,18.714117081396175
2024-02-01,fd3df53eb1e2495380b1ac07d774f5ff,18.097880834596133
2024-02-01,fd3df53eb1e2495380b1ac07d774f5ff,10.753563291428542
2024-02-01,fd3df53eb1e2495380b1ac07d774f5ff,10.933691623935376
2024-02-01,fd3df53eb1e2495380b1ac07d774f5ff,17.518697829463374
2024-02-01,fd3df53eb1e2495380b1ac07d774f5ff,18.217283899425983
2024-02-01,fd3df53eb1e2495380b1ac07d774f5ff,17.372176238918865
2024-02-01,fd3df53eb1e2495380b1ac07d774f5ff,16.863265947575734
2024-02-01,fd3df53eb1e2495380b1ac07d774f5ff,15.611050974767087
2024-02-01,fd3df53eb1e2495380b1ac07d774f5ff,19.344988840281054
2024-02-01,fd3df53eb1e2495380b1ac07d774f5ff,18.551085735340436
2024-02-01,fd3df53eb1e2495380b1ac07d774f5ff,22.877245206834708
2024-02-01,fd3df53eb1e2495380b1ac07d774f5ff,14.347631476523995
2024-02-01,fd3df53eb1e2495380b1ac07d774f5ff,15.003872266025612
2024-02-01,fd3df53eb1e2495380b1ac07d774f5ff,11.453511717845252
2024-02-01,fd3df53eb1e2495380b1ac07d774f5ff,11.857373911022272
2024-02-01,fd3df53eb1e2495380b1ac07d774f5ff,17.060738284548258
2024-02-01,fd3df53eb1e2495380b1ac07d774f5ff,18.66807092597473
2024-02-01,fd3df53eb1e2495380b1ac07d774f5ff,18.90450450606341
2024-02-01,fd3df53eb1e2495380b1ac07d774f5ff,20.339591387529794
2024-02-01,fd3df53eb1e2495380b1ac07d774f5ff,20.086364024403323
2024-02-01,fd3df53eb1e2495380b1ac07d774f5ff,22.84064048933839
2024-02-01,fd3df53eb1e2495380b1ac07d774f5ff,20.64532258396278
2024-02-01,fd3df53eb1e2495380b1ac07d774f5ff,18.022107575943764
2024-02-01,fd3df53eb1e2495380b1ac07d774f5ff,13.00943606421437
2024-02-01,fd3df53eb1e2495380b1ac07d774f5ff,15.820317589958737
2024-02-01,fd3df53eb1e2495380b1ac07d774f5ff,16.562696565868357
2024-02-01,fd3df53eb1e2495380b1ac07d774f5ff,18.471268108486854
2024-02-01,fd3df53eb1e2495380b1ac07d774f5ff,19.660497413460575
2024-02-01,fd3df53eb1e2495380b1ac07d774f5ff,22.282445229510504
2024-02-01,fd3df53eb1e2495380b1ac07d774f5ff,22.265401809893834
2024-02-01,fd3df53eb1e2495380b1ac07d774f5ff,25.963877967275828
2024-02-01,fd3df53eb1e2495380b1ac07d774f5ff,15.201546794940697
2024-02-01,fd3df53eb1e2495380b1ac07d774f5ff,14.83532702488328
2024-02-01,fd3df53eb1e2495380b1ac07d774f5ff,20.062260981793678
2024-02-01,fd3df53eb1e2495380b1ac07d774f5ff,10.219556810105182
2024-02-01,fd3df53eb1e2495380b1ac07d774f5ff,18.581386451526402
2024-02-01,fd3df53eb1e2495380b1ac07d774f5ff,21.63357603920536
2024-02-01,fd3df53eb1e2495380b1ac07d774f5ff,23.323488013630115
2024-02-01,fd3df53eb1e2495380b1ac07d774f5ff,27.11587957008966
2024-02-01,fd3df53eb1e2495380b1ac07d774f5ff,28.73314464601154
2024-02-01,fd3df53eb1e2495380b1ac07d774f5ff,21.10967212487479
2024-02-01,fd3df53eb1e2495380b1ac07d774f5ff,19.55465767369583
2024-02-01,fd3df53eb1e2495380b1ac07d774f5ff,22.543007553093826
2024-02-01,fd3df53eb1e2495380b1ac07d774f5ff,19.284268556644587
2024-02-01,fd3df53eb1e2495380b1ac07d774f5ff,21.379673320106868
2024-02-01,fd3df53eb1e2495380b1ac07d774f5ff,17.569557186052776
2024-02-01,fd3df53eb1e2495380b1ac07d774f5ff,13.462534570757532
2024-02-01,fd3df53eb1e2495380b1ac07d774f5ff,8.47954327999365
2024-02-01,fd3df53eb1e2495380b1ac07d774f5ff,19.604267904122338
2024-02-01,fd3df53eb1e2495380b1ac07d774f5ff,22.230456889263113
2024-02-01,fd3df53eb1e2495380b1ac07d774f5ff,21.987796552170977
2024-02-01,fd3df53eb1e2495380b1ac07d774f5ff,22.202930557152488
2024-02-01,fd3df53eb1e2495380b1ac07d774f5ff,18.44214850813578
2024-02-01,fd3df53eb1e2495380b1ac07d774f5ff,14.603800700333101
2024-02-01,fd3df53eb1e2495380b1ac07d774f5ff,20.187090184636375
2024-02-01,fd3df53eb1e2495380b1ac07d774f5ff,22.587364881857205
2024-02-01,fd3df53eb1e2495380b1ac07d774f5ff,19.318621729685496
2024-02-01,fd3df53eb1e2495380b1ac07d774f5ff,21.479098614313465
2024-02-01,fd3df53eb1e2495380b1ac07d774f5ff,25.082069572487534
2024-02-01,fd3df53eb1e2495380b1ac07d774f5ff,23.60959384616528
2024-02-01,fd3df53eb1e2495380b1ac07d774f5ff,29.14454201986688
2024-02-01,fd3df53eb1e2495380b1ac07d774f5ff,27.558986449840592
2024-02-01,fd3df53eb1e2495380b1ac07d774f5ff,23.52439538933738
